{"val/bleu_1":0,"val/loss":1.7192433131283347,"val/bleu_3":0,"train/region_weights/central":0.20942626893520355,"val/region_weights/parietal":0.19096389412879944,"val/is_repetitive":1,"_step":731,"val/region_importance_raw/central":0.006208520382642746,"train/region_importance_raw/temporal":0.2714475095272064,"_timestamp":1.7545393532373369e+09,"repetitive_predictions_epoch_0":10,"train/epoch_base_loss":1.824790468811483,"val/diversity_trend":0,"train/region_importance_raw/frontal":0.4504867494106293,"train/epoch_loss":1.8559121760289534,"_wandb":{"runtime":19698},"val/region_weights/central":0.20942626893520355,"step":2208,"train/diversity_loss":0.25073492527008057,"val/region_weights/frontal":0.32657185196876526,"repetitive_predictions_epoch_1":10,"train/region_weights/frontal":0.32657185196876526,"train/region_weights/temporal":0.27303794026374817,"train/epoch_diversity_loss":0.20747718340724366,"val/region_importance_raw/frontal":0.4504867494106293,"val/region_weights/temporal":0.27303794026374817,"val/bleu_2":0,"val/bleu_4":0,"train/region_weights/parietal":0.19096389412879944,"train/region_importance_raw/central":0.006208520382642746,"predictions_table_epoch_0":{"ncols":6,"nrows":10,"_latest_artifact_path":"wandb-client-artifact://pva13fin6ginudeqasceqntevr4c4lgyq7fwo006xq00lznuezt1ma8gqk8a7452o8futzqklnlcoy3inp0xkm9zs88f0qs39ku4qs7jhyhub2owskuwgv69ghho2n6s:latest/predictions_table_epoch_0.table.json","sha256":"600edbe1bb7ac543a77237ea535723b5f5972640f26a9f31c06f07146223d0c3","artifact_path":"wandb-client-artifact://6c6bqoc8xkwx58qg8fqh9v4hryrcxdi2dru4s90y2qtyxhbf3ksybml914p1t1782gwmj5jx1dsue3xrip8k21x3c9y2656883dv0nire2w0v7q364fkbglk24tpz7be/predictions_table_epoch_0.table.json","_type":"table-file","path":"media/table/predictions_table_epoch_0_243_600edbe1bb7ac543a772.table.json","size":994,"log_mode":"IMMUTABLE"},"train/variance_loss":1.0803871030097907e-40,"train/region_weight_entropy":1.3634978532791138,"val/region_importance_raw/temporal":0.2714475095272064,"repetitive_predictions_epoch_2":10,"val/region_importance_raw/parietal":-0.08607877045869827,"train/region_importance_raw/parietal":-0.08607877045869827,"val/diversity_score":0.00033944331296673454,"train/lr":0.0004917013019184719,"predictions_table_epoch_1":{"artifact_path":"wandb-client-artifact://lvccua7ee1e3t5fhrmh6crqoe5s8behj2bsps3frtufejju5a9wfa86y0u7176f257dih8tr789g9yhujujurnflus9ibhy67mch70qn62co66whn7lnmyk71jyt0e7n/predictions_table_epoch_1.table.json","log_mode":"IMMUTABLE","nrows":10,"path":"media/table/predictions_table_epoch_1_487_600edbe1bb7ac543a772.table.json","ncols":6,"_type":"table-file","sha256":"600edbe1bb7ac543a77237ea535723b5f5972640f26a9f31c06f07146223d0c3","size":994,"_latest_artifact_path":"wandb-client-artifact://zrzohzn1ag9cue7ofhkoxryclcgrg37506kcela5cyft0jvwzvmvchxfemlk8psun88b2fzos5op1v0cggrtc0fgneynvcb6q2v9azthhob1mt0u8ffzma1ybixu5g1i:latest/predictions_table_epoch_1.table.json"},"_runtime":19698,"train/base_loss":1.5472323894500732,"train/step_loss":1.5848426818847656,"train/epoch_variance_loss":4.93167993012876e-06,"val/region_weight_entropy":1.3634978532791138,"val/rouge_l":0,"predictions_table_epoch_2":{"_latest_artifact_path":"wandb-client-artifact://pozvcoilew9ns7s6dbqxjfwyvm69ljjo38gbrxtgri6l7a96wc9rkfa5panwn7u6wvv6dvl93hvxnpe22voxiyuv02n3f3tk8n7z3rq36juv6m7sm9smt2jescagin3y:latest/predictions_table_epoch_2.table.json","nrows":10,"_type":"table-file","sha256":"600edbe1bb7ac543a77237ea535723b5f5972640f26a9f31c06f07146223d0c3","ncols":6,"log_mode":"IMMUTABLE","size":994,"artifact_path":"wandb-client-artifact://n7xu0d9czndu5a7wdmjv9nf1w18fkn35rapouppshkxmne0em1mmnxtvh1hyxl9cdx03zttn39nulgt5lom8ms4t6argn84ba8q52h2flexuees7v42wumzh30u7mdj3/predictions_table_epoch_2.table.json","path":"media/table/predictions_table_epoch_2_731_600edbe1bb7ac543a772.table.json"},"epoch":2}