{"val/region_weights/parietal":0.20362894237041473,"train/step_loss":1.5739346742630005,"train/epoch_diversity_loss":0.47978755026984937,"train/region_importance_raw/temporal":0.13569681346416473,"val/bleu_3":0,"train/region_weight_entropy":1.3547420501708984,"train/region_importance_raw/frontal":0.515130877494812,"_wandb":{"runtime":20205},"val/bleu_4":0,"repetitive_predictions_epoch_0":10,"train/base_loss":1.545322060585022,"train/variance_loss":0,"train/region_importance_raw/central":-0.0917590856552124,"val/region_weights/frontal":0.3572304844856262,"predictions_table_epoch_0":{"path":"media/table/predictions_table_epoch_0_243_cab4caed5390e9062100.table.json","log_mode":"IMMUTABLE","_latest_artifact_path":"wandb-client-artifact://xdrn160i5lia4hhodtqdzyqwt8uc3kvx7p0ibz8xm556bdk5y8y3ky4kgfm52w4qssobpwothaepa6f81tvx6qxe36e7p4e2ji114yfnz5yt14ulvebnil81ryv209vo:latest/predictions_table_epoch_0.table.json","artifact_path":"wandb-client-artifact://af0h589xdi0xzd3nxvy64ed0g3vgg7odok53ivrb7k6pt8esnwgrde5eunf5c49v0bb5u1bt2wvrk39744glmi4860k3o9j8oao91lle64jbrvri3loo1bhif38e8vb2/predictions_table_epoch_0.table.json","nrows":10,"_type":"table-file","ncols":6,"sha256":"cab4caed5390e90621006140c2151f2e8095460d95ee71b1ab0b496188e49c5d","size":1474},"val/region_weights/temporal":0.24443446099758148,"train/epoch_base_loss":1.8303371208057568,"train/region_weights/parietal":0.20362894237041473,"val/region_importance_raw/central":-0.0917590856552124,"train/epoch_variance_loss":4.032434705158341e-06,"_runtime":20205,"val/region_importance_raw/temporal":0.13569681346416473,"train/region_weights/frontal":0.3572304844856262,"_step":731,"val/is_repetitive":1,"val/diversity_trend":0,"train/epoch_loss":1.9023053612102985,"val/bleu_2":0,"val/region_weights/central":0.19470611214637756,"val/bleu_1":0,"val/region_importance_raw/frontal":0.515130877494812,"step":2208,"val/region_weight_entropy":1.3547420501708984,"val/diversity_score":0.00033944331296673454,"train/region_weights/central":0.19470611214637756,"predictions_table_epoch_1":{"log_mode":"IMMUTABLE","_type":"table-file","nrows":10,"path":"media/table/predictions_table_epoch_1_487_7c7e54964efad0c6da61.table.json","size":1834,"ncols":6,"sha256":"7c7e54964efad0c6da61d7db0ebaf22d5edf482d93331aa5bd44fa7433f0a39c","artifact_path":"wandb-client-artifact://ettyp2siqdrer6c3xlw241cnhndmig43o8e60zfdgql4g6vc7v755cx3ul4zn74ygmevloi7glbii1gt46v7m0re1jixd80ybm6uoisevux9wfwnkding1g97pib6qm1/predictions_table_epoch_1.table.json","_latest_artifact_path":"wandb-client-artifact://5ze1q8w78u8mv1zs811llesrdsewwgi18fybwhvxf2uupg2wxxki7t8b240g97dvbo0ygvo4bn74sa956ls2bvosftcg6fmdsjs6b2ob1qobhbeb112wmufz280i6ua4:latest/predictions_table_epoch_1.table.json"},"train/diversity_loss":0.1907503604888916,"repetitive_predictions_epoch_1":10,"val/loss":1.7182734825136867,"val/rouge_l":0,"train/region_importance_raw/parietal":-0.04695098474621773,"train/lr":0.0004917013019184719,"predictions_table_epoch_2":{"log_mode":"IMMUTABLE","sha256":"410ac94b8d8e21a9571658a986d28b27b86ebaf584bd2ab3d4e7e2c0f57955ab","artifact_path":"wandb-client-artifact://u58jloh7126h0cgi8qtg1f8v1e4pvb5tfbut7frtnemg21zdf3pzreyh7c9vhw1ph801b9zas09rv0hy8r4l27j6bou40zeszf3r0ja9yxtnd7kp2dof49ohtsqc99n5/predictions_table_epoch_2.table.json","path":"media/table/predictions_table_epoch_2_731_410ac94b8d8e21a95716.table.json","size":1904,"ncols":6,"_latest_artifact_path":"wandb-client-artifact://hr64h563x0feh8wbt95ezzlvypjksaeijgsfg8awriqkjbormt9d3dypmzodyiug3byb73r3e6p0e5bofh2c3n6a267o6e9w0tg3ciqbceike9ekl978foo7nmxcg58f:latest/predictions_table_epoch_2.table.json","_type":"table-file","nrows":10},"_timestamp":1.7545645161289814e+09,"repetitive_predictions_epoch_2":10,"val/region_importance_raw/parietal":-0.04695098474621773,"epoch":2,"train/region_weights/temporal":0.24443446099758148}